{"cameraMode":{"drawMode":0,"name":"Shaded","section":"Shading Mode"},"sceneLighting":false,"audioPlay":false,"sceneViewState":{"showFog":true,"showMaterialUpdate":false,"showSkybox":false,"showFlares":true,"showImageEffects":true,"showParticleSystems":true},"in2DMode":false,"pivot":{"x":-2.609853506088257,"y":6.078991413116455,"z":3.9881961345672609},"rotation":{"x":-0.04730575159192085,"y":0.8327739238739014,"z":-0.07203837484121323,"w":-0.5468793511390686},"size":7.938028335571289,"orthographic":false}