{"cameraMode":{"drawMode":0,"name":"Shaded","section":"Shading Mode"},"sceneLighting":false,"audioPlay":false,"sceneViewState":{"showFog":true,"showMaterialUpdate":false,"showSkybox":false,"showFlares":true,"showImageEffects":true,"showParticleSystems":true},"in2DMode":false,"pivot":{"x":0.00004698336124420166,"y":1.6302589178085328,"z":-0.05429376661777496},"rotation":{"x":-0.062102630734443668,"y":0.8771374821662903,"z":-0.11807490140199661,"w":-0.46133852005004885},"size":0.2879257798194885,"orthographic":false}