{"cameraMode":{"drawMode":0,"name":"Shaded","section":"Shading Mode"},"sceneLighting":false,"audioPlay":false,"sceneViewState":{"showFog":true,"showMaterialUpdate":false,"showSkybox":false,"showFlares":true,"showImageEffects":true,"showParticleSystems":true},"in2DMode":false,"pivot":{"x":-0.00041988492012023926,"y":1.4510921239852906,"z":-0.015536472201347351},"rotation":{"x":-0.045691411942243579,"y":0.8537142872810364,"z":-0.07601795345544815,"w":-0.5131338238716126},"size":0.3516318202018738,"orthographic":false}