{"cameraMode":{"drawMode":0,"name":"Shaded","section":"Shading Mode"},"sceneLighting":false,"audioPlay":false,"sceneViewState":{"showFog":true,"showMaterialUpdate":false,"showSkybox":false,"showFlares":true,"showImageEffects":true,"showParticleSystems":true},"in2DMode":false,"pivot":{"x":-0.1485987901687622,"y":1.3714059591293336,"z":0.6044684648513794},"rotation":{"x":-0.04849763214588165,"y":0.696751058101654,"z":-0.047318942844867709,"w":-0.7141063809394836},"size":0.6349237561225891,"orthographic":false}