{"cameraMode":{"drawMode":0,"name":"Shaded","section":"Shading Mode"},"sceneLighting":false,"audioPlay":false,"sceneViewState":{"showFog":true,"showMaterialUpdate":false,"showSkybox":false,"showFlares":true,"showImageEffects":true,"showParticleSystems":true},"in2DMode":false,"pivot":{"x":0.017647773027420045,"y":1.417008876800537,"z":0.01809293031692505},"rotation":{"x":-0.062102630734443668,"y":0.8771374821662903,"z":-0.11807490140199661,"w":-0.46133852005004885},"size":0.7311627864837647,"orthographic":false}