{"cameraMode":{"drawMode":0,"name":"Shaded","section":"Shading Mode"},"sceneLighting":false,"audioPlay":false,"sceneViewState":{"showFog":true,"showMaterialUpdate":false,"showSkybox":false,"showFlares":true,"showImageEffects":true,"showParticleSystems":true},"in2DMode":false,"pivot":{"x":0.202417254447937,"y":1.0253961086273194,"z":-0.18021565675735475},"rotation":{"x":-0.035139113664627078,"y":0.9221304655075073,"z":-0.08629419654607773,"w":-0.37549257278442385},"size":0.7612015604972839,"orthographic":false}